{"cameraMode":{"drawMode":0,"name":"Shaded","section":"Shading Mode"},"sceneLighting":true,"audioPlay":false,"sceneViewState":{"m_AlwaysRefresh":false,"showFog":true,"showSkybox":true,"showFlares":true,"showImageEffects":true,"showParticleSystems":true,"showVisualEffectGraphs":true,"m_FxEnabled":true},"in2DMode":false,"pivot":{"x":0.009500056505203247,"y":-0.01174996793270111,"z":-0.8702404499053955},"rotation":{"x":0.7310099601745606,"y":-0.009210716001689434,"z":0.009869235567748547,"w":0.6822332739830017},"size":3.459563732147217,"orthographic":false}